site,tRNA region,tRNA positions,Ribosome positions
P site,AC stem-16S (H30),28–30 bk,16S (1229)bk
P site,AC stem-S13,36 bk,S13 (116–120)
P site,AC stem-16S (L29–42),40 bk,16S (1339) bk
P site,AC stem-16S (L29–42),40 bs,16S (1339) bs
P site,AC stem-16S (L29–42),41 bs,16S (1338) bs
P site,AC loop-16S (790 loop),38 bk,16S (790) bk
P site,AC loop-16S (965 loop),34 bk,16S (m2G966) bs
P site,AC loop-S9,35 bk,S9 (R128)
P site,P codon-16S (decoding site),*P codon 1 bk,16S (926)bs
P site,P codon-16S (decoding site),,16S (1498) bk
P site,AC loop-16S (decoding site),34 bs,16S (1400) bs
P site,D stem-23S (H69),"12, 13 bk",23S (1908–1909) bk
P site,D stem-23S (H69),"25, 26 bk",23S (1922–1923) bk
P site,T loop-L5,56–7,L5 (55–66)
P site,acc. stem-23S (P stem/H80),3 bk,23S (2255–2256) bk
P site,acc. tail-23S (P loop),74 bs,23S (2252) bs
P site,acc. tail-23S (H93),75,23S (2602)
P site,acc. tail-23S (L90–93),76,23S (2585)
A site,Codon-anticodon helix-16S (530 loop),34–35 bs,16S (530) bs
A site,AC-16S (H34),36 bk,16S (530) bk
A site,AC-16S (H34),34 bk,16S (1054) bs
A site,AC stem-16S (965 loop),40 bk,16S (955) bk
A site,AC stem-S13,40–41 bk,S13 (120–122)
A site,AC loop-16S (decoding site),38 bk,16S (1493) bk
A site,A codon-16S (dec. site),*A codon 1 bk,16S (1493) bk
A site,A codon-S12,"*A codon 2, 3 bk",S12 (46–48)
A site,D stem-23S (H69),"11, 12",23S (1914–1915)
A site,D stem junction-23S (H69),"25, 26",23S (1913–1914)
A site,D loop-23S (A-site finger/H38),D17 bs,23S (881–882) bk
A site,D loop-23S (A-site finger/H38),G 19 bs,23S (882–883) bk
A site,T loop-23S (A site finger/H38),56 bk,23S (898–899) bk
A site,T stem-23S (H89),50–53 bk,23S (2470–2472) bk
A site,T stem-23S (H89),64–65 bk,23S (2482–2484) bk
A site,acc. stem-23S (H71),72–73,23S (1942–1943)
A site,acc. tail-23S (H89),74–76 bk,"23S (2452, 2494) bk"
A site,acc. tail-23S (A loop),75 bs,23S (2553) bs
A site,T stem-loop-L16,"55,62","L16 (27, 30)"
E site,AC loop-16S (H29),"35, 36 bk","16S (1339, 1340) bk"
E site,AC stem-16S (L29–42),30 bk,bk
E site,AC loop-16S (H28),34 bk,16S (1382) bk
E site,AC loop-16S (L28–29),33 bk,16S (937) bk
E site,AC loop-16S (790 loop),37–38 bk,16S (788–789) bk
E site,AC loop-16S (690 loop),37 bs,16S (693) bs
E site,AC loop-16S (690 loop),38–39 bk,16S (694–695) bk
E site,AC loop-S7,37,S7 (β-hairpin)
E site,AC loop-S7,42,S7 (α-helix 6)
E site,D loop-23S (L76–77),19,23S (2112–2113)
E site,T loop-23S (L76–77),56,23S (2116–2117)
E site,T loop-L1,56–57,L1 (124–128)
E site,T stem-L1,G53–C61 bp,L1 (52–54)
E site,T loop-L1,55 bk,L1 (165–169)
E site,acc. Stem-23S (H68),2–71 bp,23S (1852–1853) bs
E site,acc. Stem-23S (H68),71 bk,23S (1892) bk
E site,acc. Stem-23S (H68),3–5 bk,23S (1850–1853) bk
E site,acc. Tail-23S (H75),73 bk,23S (2235) bk
E site,acc. Tail-23S (H74),76 bk,23S (2433–2434)
E site,acc. Tail-23S (H11),76 bs,23S (199) bs
E site,acc. Tail-L33,73–74,L33
