mutationType,diseaseName,Phenotype,GenBankaccessionnumber,gene,Locus,mutationSite,originalCodon,mutatedCodon,chromosome,Genomeposition,denovoinherited,zygosity,incidenceRate,DiagnosticMethod,References,source,
Nonsense,Characteristic craniofacial defects,300968,NM_001039590,USP9X,300072,c.4942C>T,CAG，p.Gln1648,TAG，stop codon,Xp11.4,41064673,de novo,heterozygous,N/A,whole-exome sequencing,http://dx.doi.org/10.1038/s41439-024-00277-w,https://hgv.figshare.com/genome_variation/3402
Nonsense,Osteogenesis imperfecta,610682,NM_006371.5,CRTAP,605497,c.241G>T,GAG，p.Glu81,TAG，stop codon,3p22.3,chr3:33114318 (hg38),inherited,heterozygous,N/A,ventriculosubgaleal shunt placement ,http://dx.doi.org/10.1038/s41439-024-00274-z,https://hgv.figshare.com/genome_variation/3385
Nonsense,Common variable immunodeficiency,616576,NM_003998.4,NFKB1,164011,c.136C>T,CAA，p.Gln46,TAA，stop codon,4q24,chr4:102533862,de novo,heterozygous,"4%（NFKB1 as the most common causative gene of CVID, accounting for 4% of CVID cases in a predominantly European population）",genetic testing ,http://dx.doi.org/10.1038/s41439-024-00271-2,https://hgv.figshare.com/genome_variation/3379
Nonsense,Recessive dystrophic epidermolysis bullosa (RDEB),226600,NM_000094.4,COL7A1,120120,c.793C>T,CAG，p.Gln265,TAG，stop codon,3p21.31,48592828,inherited,homozygous,N/A,the combination of long PCR-based NGS and SNP arrays enables rapid and accurate genetic diagnosis,http://dx.doi.org/10.1038/s41439-023-00257-6,https://hgv.figshare.com/genome_variation/3334
Nonsense,Centronuclear myopathy (CNM),615959,NM_005876.5,SPEG,615950,c.5343G>A,TGG，p.Trp1781,TGA，stop codon,2q35,220345393,inherited,heterozygous,N/A,genetic analyses,http://dx.doi.org/10.1038/s41439-023-00253-w,https://hgv.figshare.com/genome_variation/3324
Nonsense,Developmental and epileptic encephalopathy (DEE),N/A,NM_016121,KCTD3,613272,c.1192C>T,CGA，p.Arg398,TGA，stop codon,1q41,215777527(GRCh37/hg19),inherited,homozygous,N/A,molecular diagnosis,http://dx.doi.org/10.1038/s41439-023-00250-z,https://hgv.figshare.com/genome_variation/3312
Nonsense,X-linked intellectual disability (XLID),300982,NM_030624.3,KLHL15,300980,c.736C>T,CGA，p.Arg246,TGA，stop codon,Xp22.1,23989001,inherited,hemizygous,0.05-0.3%（ID occurs in ~1–3% of the population worldwide1. X-linked ID (XLID) accounts for 5–10% of all types of ID and is the most common cause of ID in males）,various clinical manifestations,http://dx.doi.org/10.1038/s41439-023-00248-7,https://hgv.figshare.com/genome_variation/3308
Nonsense,Nonsyndromic oligodontia,150400,NM_025216.3,WNT10A,606268,c.1090A>T,AAG，p.Lys364,TAG，stop codon,2q35,219757829,de novo,heterozygous,0.1%（0.1% (95% confidence interval: 0.04–0.3%) for oligodontia in the Japanese population）,genetic testing,http://dx.doi.org/10.1038/s41439-023-00230-3,https://hgv.figshare.com/genome_variation/3273
Nonsense,Alport syndrome (AS),301050,NM_033380.3,COL4A5,303630,c.2636C>A,TCA，p.Ser879,TAA，stop codon,Xq22.3,107863615,inherited,heterozygous,"1/2,320 (Predicted pathogenic COL4A5 variants are estimated to be present in at least 1 in 2320 individuals, although the exact prevalence of X-linked Alport syndrome is unknown)",clinical next-generation sequencing,http://dx.doi.org/10.1038/s41439-023-00233-0,https://hgv.figshare.com/genome_variation/3267
Nonsense,"Deafness, autosomal recessive 102 (DFNB102)",615974,NM_004447,EPS8,600206,c.1259G>A,TGG，p.Trp420,TAG，stop codon,12p12.3,15650998,inherited,homozygous,N/A,clinical characteristics,http://dx.doi.org/10.1038/s41439-023-00229-w,https://hgv.figshare.com/genome_variation/3264
Nonsense,Lynch syndrome,614350,NM_000179.2,MSH6,600678,c.484G>T,GGA，p.Gly162,TGA，stop codon,2p16.3,48023059 (GRCh37.p13),inherited,heterozygous,N/A,visual invasive examinations,http://dx.doi.org/10.1038/s41439-022-00216-7,https://hgv.figshare.com/genome_variation/3243
Nonsense,Myoclonic dystonia (DYT),159900,NM_003919.3,SGCE,604149,c.304C>T,CGA，p.Arg102,TGA，stop codon,7q21.3,94257600,inherited,heterozygous,N/A,molecular diagnosis,http://dx.doi.org/10.1038/s41439-022-00207-8,https://hgv.figshare.com/genome_variation/3213
Nonsense,Ankyloblepharon-ectodermal defect–cleft lip/palate syndrome and Rapp–Hodgkin syndrome,106260,NM_001114980.2,TP63,603273,c.25C>T,CAG，p.Gln9,TAG，stop codon,3q28,189507614(GRCh37),de novo / inherited,heterozygous,N/A,genetic testing,http://dx.doi.org/10.1038/s41439-022-00186-w,https://hgv.figshare.com/genome_variation/3119
Nonsense,Retinitis pigmentosa 2(RP2)-associated retinal disorder,312600,NM_006915.3,RP2,312600,c.358C>T,CGA，p.Arg120,TGA，stop codon,Xp11.3,46713166 (hg19),inherited,hemizygous,1.4%（RP2-RD accounts for 1.4% of Japanese patients with inherited retinal disease）,adeno-associated virus-mediated gene augmentation rescued the degeneration of RP2-knockout organoids by facilitating morphological preservation and improved rhodopsin expression,http://dx.doi.org/10.1038/s41439-021-00178-2,https://hgv.figshare.com/genome_variation/3113
Nonsense,Neurodevelopmental disorder with absent language and variable seizures,618707,NM_003931.3,WASF1,605035,c.1516C>T,CGA，p.Arg506,TGA，stop codon,6q21,110422797 (hg19),de novo,heterozygous,N/A,genetic analyses,http://dx.doi.org/10.1038/s41439-021-00176-4,https://hgv.figshare.com/genome_variation/3109
Nonsense,Warburg micro syndrome 1,600118,NM_001172435.2,RAB3GAP1,602536,c.1471C>T,CGA，p.Arg491,TGA，stop codon,2q21.3,135891575,inherited,homozygous,N/A,molecular diagnosis,http://dx.doi.org/10.1038/s41439-021-00171-9,https://hgv.figshare.com/genome_variation/3100
Nonsense,Warburg micro syndrome 2,600118,NM_001172435.2,RAB3GAP1,602536,c.1552C>T,CAA，p.Gln518,TAA，stop codon,2q21.3,135892887,inherited,homozygous,N/A,molecular diagnosis,http://dx.doi.org/10.1038/s41439-021-00171-9,https://hgv.figshare.com/genome_variation/3097
Nonsense,Treacher Collins syndrome,154500,NM_001135243.2,TCOF1,606847,c.4111G>T,GAA，p.Glu1371,TAA，stop codon,5q32-q33.1,150396611,de novo,heterozygous,N/A,molecular diagnosis，whole-exome sequencing,http://dx.doi.org/10.1038/s41439-021-00168-4,https://hgv.figshare.com/genome_variation/3092
Nonsense,Treacher Collins syndrome,154500,NM_001135243.2,TCOF1,606847,c. 2575C>T,CAG，p.Gln859,TAG，stop codon,5q32-q33.1,150379325,de novo,heterozygous,N/A,molecular diagnosis，whole-exome sequencing,http://dx.doi.org/10.1038/s41439-021-00168-4,https://hgv.figshare.com/genome_variation/3089
Nonsense,Androgen insensitivity syndrome,300068,NM_000044.6,AR,313700,c.1621G>T,GAG，p.Glu541,TAG，stop codon,Xq11-q12,66863102 (GRCh37/hg19),de novo,hemizygous,"1/20,400-1/99,100（The prevalence of AIS is estimated to range from 1/20,400 to 1/99,100 males）",molecular investigation,http://dx.doi.org/10.1038/s41439-021-00167-5,https://hgv.figshare.com/genome_variation/3084
Nonsense,Intellectual disability and microcephaly,616579,NM_001164144.2,CHAMP1,616327,c.1465C>T,CAG，p.Gln489,TAG，stop codon,13q34,114325307,de novo,heterozygous,N/A,angelman syndrome and Prader-Willi syndrome are the most important differential diagnoses,http://dx.doi.org/10.1038/s41439-021-00165-7,https://hgv.figshare.com/genome_variation/3081
Nonsense,"Mental retardation, autosomal dominant 7",614104,NM_001396.4,DYRK1A,600855,c.957C>G,TAC，p.Tyr319,TAG，stop codon,21q22.13,"38865324(GRCh37/hg19), 37493022 (GRCh38/hg38)",de novo,heterozygous,N/A,genetic analyses,http://dx.doi.org/10.10.1038/s41439-021-00157-7,https://hgv.figshare.com/genome_variation/3033
Nonsense,Severe neurodevelopmental delay and frequent vomiting,617865,NM_020928.2,ZSWIM6,615951,c.2737C>T,CGA，p.Arg913,TGA，stop codon,5q12.1,chr5:60837744 (GRCh37),de novo,heterozygous,N/A,we are currently considering the placement of an elemental diet tube into the duodenum to avoid vomiting,http://dx.doi.org/10.1038/s41439-021-00148-8,https://hgv.figshare.com/genome_variation/2999
Nonsense,Leber congenital amaurosis,6070000000,NM_015120,ALMS1,606844,c.1906G>T,GAG，p.Glu636,TAG，stop codon,2p13.1,73675557,inherited,homozygous,N/A,"annual monitoring of the cardiac, hepatic, and renal phenotypes of such patients will be helpful for differential diagnosis, early treatment, better disease management, and rehabilitation of future cases.",http://dx.doi.org/10.1038/s41439-021-00143-z,https://hgv.figshare.com/genome_variation/2975
Nonsense,Congenital lypoid adrenal hyperplasia,201710,NM_000349.3,STAR,600617,c.634C>T,CAG，p.Gln212,TAG，stop codon,8q11.23,38145979,uncertain,heterozygous,N/A,genetic testing,http://dx.doi.org/10.1038/s41439-021-00138-w,https://hgv.figshare.com/genome_variation/2966
Nonsense,Sitosterolemia,210250,NM_022437.3,ABCG8,605460,c.225G>A,TGG，p.Trp75,TGA，stop codon,2p21,44073353 (hg19),inherited,heterozygous,N/A,"in sitosterolemia, prognosis can be improved by proper management, such as restriction of plant sterol intake and administration of a cholesterol absorption inhibitor. ABCG8 genes will play a crucial role in the accurate and early diagnosis of sitosterolemia",http://dx.doi.org/10.1038/s41439-020-00112-y,https://hgv.figshare.com/genome_variation/2897
Nonsense,Congenital anomalies,N/A,NM_001042749.2,STAG2,300826,c.2229G>A,TGG，p.Trp743,TGA，stop codon,Xq25,123200250,de novo,heterozygous,N/A,genetic analyses,http://dx.doi.org/10.1038/s41439-020-00114-w,https://hgv.figshare.com/genome_variation/2894
Nonsense,Congenital anomalies,301043,NM_001042749.2,STAG2,300826,c.3097C>T,CGA，p.Arg1033,TGA，stop codon,Xq25,123220440,de novo,heterozygous,N/A,genetic analyses,http://dx.doi.org/10.1038/s41439-020-00114-w,https://hgv.figshare.com/genome_variation/2891
Nonsense,Fraser syndrome 2,617666,NM_207361.5,FREM2,608945,c.6203T>A,TTA，p.Leu2068,TAA，stop codon,13,chr13:39422631(GRCh37),inherited,heterozygous,"0.43/100,000 (newborns)、11.06/100,000(stillborns)（The prevalence of FS is 0.43 per 100,000 and 11.06 per 100,000 among newborns and stillborns, respectively）",genetic analyses,http://dx.doi.org/10.1038/s41439-020-00119-5,https://hgv.figshare.com/genome_variation/2885
Nonsense,Primary microcephaly (MCPH),608393,NM_018451.5:,CENPJ,609279,c.1132C>T,CGT，p.Arg378,TGT，stop codon,13q12.12,25481044,uncertain,heterozygous,"0.012%（His mother is a c.289dupA carrier, and his father is a c.1132 C > T carrier. Both mutations were found in the gnomAD browser with frequencies of 0.014% and 0.012%, respectively, in the Latino population.）",NGS studies,http://dx.doi.org/10.1038/s41439-020-0105-3,https://hgv.figshare.com/genome_variation/2861
Nonsense,Limb-girdle muscular dystrophy type 2I,607155,NM_001039885.2,FKRP,606596,c.692G>A,TGG，p.Trp231,TAG，stop codon,19q13.32,46756142,inherited,heterozygous,"4.3/1,000,000（The prevalence of dystrophinopathy (DMD and Becker-type muscular dystrophy) has been reported5 to be ~2 per 10,000, whereas the prevalence of LGMD2I is 4.3 per million）",FKRP gene analysis,http://dx.doi.org/10.1038/s41439-020-0099-x,https://hgv.figshare.com/genome_variation/2835
Nonsense,Rett syndrome,312750,NM_004992.3,MECP2,300005,c.837C>T,CGA，p.Arg255,TAG，stop codon,Xq28,153296516,de novo,heterozygous,"1/10,000（a prevalence of one in 10,000 worldwide）",genetic testing,http://dx.doi.org/10.1038/s41439-019-0078-2,https://hgv.figshare.com/genome_variation/2771
Nonsense,Rett syndrome,312750,NM_004992.3,MECP2,300005,c.808C>T,none，p.Arg270,none，stop codon,Xq28,153296471,de novo,heterozygous,"1/10,000（a prevalence of one in 10,000 worldwide）",genetic testing,http://dx.doi.org/10.1038/s41439-019-0078-2,https://hgv.figshare.com/genome_variation/2756
Nonsense,Rett syndrome,312750,NM_004992.3,MECP2,300005,c.880C>T,none，p.Arg294,none，stop codon,Xq28,153296399,de novo,heterozygous,"1/10,000（a prevalence of one in 10,000 worldwide）",genetic testing,http://dx.doi.org/10.1038/s41439-019-0078-2,https://hgv.figshare.com/genome_variation/2753
Nonsense,Rett syndrome,312750,NM_004992.3,MECP2,300005,c.502C>T,CGA，p.Arg168,TGA，stop codon,Xq28,153296777,de novo,heterozygous,"1/10,000（a prevalence of one in 10,000 worldwide）",genetic testing,http://dx.doi.org/10.1038/s41439-019-0078-2,https://hgv.figshare.com/genome_variation/2741
Nonsense,Rett syndrome,312750,NM_004992.3,MECP2,300005,c.667A>T,none，p.Lys223,none，stop codon,Xq28,153296612,de novo,heterozygous,"1/10,000（a prevalence of one in 10,000 worldwide）",genetic testing,http://dx.doi.org/10.1038/s41439-019-0078-2,https://hgv.figshare.com/genome_variation/2732
Nonsense,X-linked intellectual disability (XLID),300919,NM_001039590.2,USP9X,300072,c.1201C>T,CGA，p.Arg401,TGA，stop codon,Xp11.4,41002583,de novo,hemizygous,0.05-0.3%（ID occurs in ~1–3% of the population worldwide1. X-linked ID (XLID) accounts for 5–10% of all types of ID and is the most common cause of ID in males）,genetic analyses,http://dx.doi.org/10.1038/s41439-019-0081-7,https://hgv.figshare.com/genome_variation/2624
Nonsense,NTHL1-associated polyposis (NAP),616415,NM_002528,NTHL1,602656,c.268C>T,CAG，p.Gln90,TAG，stop codon,16p13.3,2096239,inherited,homozygous,"0.35%（c.268C>T is the most frequent loss-of-function variant in NTHL1,  with the highest frequency in the European Finnish population (0.35%)）",genetic analyses,http://dx.doi.org/10.1038/s41439-019-0077-3,https://hgv.figshare.com/genome_variation/2606
Nonsense,Cornelia de Lange syndrome (CdLS),300590,NM_006306,SMC1A,300040,c.1495C>T,CGA，p.Arg499,TGA，stop codon,Xp11.22,53409112 (on Assembly GRCh38),de novo / inherited,heterozygous,30%（the incidence of CHD in patients with CdLS is ~30%）,clinical symptoms caused by dumping syndrome,http://dx.doi.org/10.1038/s41439-019-0053-y,https://hgv.figshare.com/genome_variation/2570
Nonsense,Neurofibromatosis type 1 (NF1) ,300749,NM_003688,CASK,300172,c.2041C>T,CGA，p.Arg681,TGA，stop codon,Xp11.4,41542805(GRCh38),de novo,heterozygous,N/A,multilocus molecular diagnoses,http://dx.doi.org/10.1038/s41439-019-0051-0,https://hgv.figshare.com/genome_variation/2567
Nonsense,Basal cell nevus syndrome (BCNS),109400,NM_000264.4,PTCH1,601309,c.1111C>T,CAA，p.Gln371,TAA，stop codon,9q22.32,95479104 (GRCh38),de novo,heterozygous,"1/235,800（the prevalence of BCNS has been reported to be approximately 1 per 235,800 in the Japanese population, with an equal frequency in males and females）",enucleation of KCOTs；orthodontic treatment,http://dx.doi.org/10.1038/s41439-019-0047-9,https://hgv.figshare.com/genome_variation/2546
Nonsense,Hypomagnesemia 1(HOMG1),602014,NM_017662.5,TRPM6,607009,c.1483C>T,CAA，p.Gln495,TAA，stop codon,9q21.13,77425745,inherited,heterozygous,N/A,magnesium administration,http://dx.doi.org/10.1038/s41439-019-0043-0,https://hgv.figshare.com/genome_variation/2540
Nonsense,Bardet–Biedl syndrome (BBS),615985,NM_001288781.1,TTC8,608132,c.226C>T,CAA，p.Gln76,TAA，stop codon,14?1.3,89305907(GRCh37.p13),inherited,heterozygous,2.8%（BBS patients with mutations in the TTC8 gene comprise only 2.8% of all BSS patients）,whole-exome sequencing (WES),http://dx.doi.org/10.1038/s41439-019-0045-y,https://hgv.figshare.com/genome_variation/2528
Nonsense,X-linked congenital retinoschisis (XLRS),312700,NM_000330.3,RS1,300839,c.267T>A,TAT，p.Tyr89,TAA，stop codon,Xp22.2-p22.1,18665370,inherited,hemizygous,"14/10,000（XLRS is the most common inherited retinal disorder; its highest reported prevalence is 14 per 10,000 individuals in Finland）",exact genetic determinations,http://dx.doi.org/10.1038/s41439-018-0034-6,https://hgv.figshare.com/genome_variation/2435
Nonsense,X-linked congenital retinoschisis (XLRS),312700,NM_000330.3,RS1,300839,c.98G>A,TGG，p.Trp33,TAG，stop codon,Xp22.2-p22.1,18674859,uncertain,hemizygous,"14/10,000（XLRS is the most common inherited retinal disorder; its highest reported prevalence is 14 per 10,000 individuals in Finland）",exact genetic determinations,http://dx.doi.org/10.1038/s41439-018-0034-6,https://hgv.figshare.com/genome_variation/2417
Nonsense,X-linked congenital retinoschisis (XLRS),312700,NM_000330.3,RS1,300839,c.49G>T,GAA，p.Glu17,TAA，stop codon,Xp22.2-p22.1,18690140,uncertain,hemizygous,"14/10,000（XLRS is the most common inherited retinal disorder; its highest reported prevalence is 14 per 10,000 individuals in Finland）",exact genetic determinations,http://dx.doi.org/10.1038/s41439-018-0034-6,https://hgv.figshare.com/genome_variation/2411
Nonsense,X-linked congenital retinoschisis (XLRS),312700,NM_000330.3,RS1,300839,c.330T>A,TGT，p.Cys110,TGA，stop codon,Xp22.2-p22.1,18662742,inherited,hemizygous,"14/10,000（XLRS is the most common inherited retinal disorder; its highest reported prevalence is 14 per 10,000 individuals in Finland）",exact genetic determinations,http://dx.doi.org/10.1038/s41439-018-0034-6,https://hgv.figshare.com/genome_variation/2453
Nonsense,Pallister-Hall syndrome,146510,NM_000168.5,GLI3,165240,c.2071C>T,CAG，p.Gln691,TAG，stop codon,7p14.1,42011968 (GRCh37),de novo,heterozygous,N/A,molecular testing of the GLI3 zinc finger transcription factor gene on 7p14.1,https://www.nature.com/articles/s41439-018-0031-9,https://hgv.figshare.com/genome_variation/2402
Nonsense,3M Syndrome,273750,NM_014780.4,CUL7,273750,c.203G>A,TGG，p.Trp68,TAG，stop codon,6p21.1,43052586,inherited,heterozygous,CUL7 mutation is found in 65% of 3M syndrome patients,targeted next-generation sequencing,http://dx.doi.org/10.1038/s41439-018-0029-3,https://hgv.figshare.com/genome_variation/2372
Nonsense,Sensorineural hearing loss,601316,NM_004100.4,EYA4,603550,c.1177C>T,CAG，p.Gln393,TAG，stop codon,6q23.2,133804239,inherited,heterozygous,N/A,next-generation sequencing,http://dx.doi.org/10.1038/s41439-018-0023-9,https://hgv.figshare.com/genome_variation/2366
Nonsense,Ectodermal dysplasias (EDs),616069,NM_005228,EGFR,131550,c.292C>T,CGA，p.Arg98,TGA，stop codon,7p11.2,55211049,inherited,heterozygous,N/A,patients with biallelic mutations of EGFR can be diagnosed with ED,http://dx.doi.org/10.1038/s41439-018-0011-0,https://hgv.figshare.com/genome_variation/2309
Nonsense,Spastic paraplegia and psychomotor retardation with or without seizures (SPPRS),616756,NM_020771.3,HACE1,610876,c.1110G>A,TGG，p.Trp370,TGA，stop codon,6q16.3,105233159,inherited,homozygous,the case reported here is the 15th case worldwide,genetic analyses,http://dx.doi.org/10.1038/hgv.2017.61,https://hgv.figshare.com/genome_variation/1744
Nonsense,Bardet–Biedl syndrome (BBS),615987,NM_024685.3,BBS10,610148,c.1974T>G,TAT，p.Tyr658,TAG，stop codon,12q21.2,76344485,inherited,heterozygous,21 mutations in BBS genes have been reported in patients with BBS,whole-exome sequencing,http://dx.doi.org/10.1038/hgv.2017.33,https://hgv.figshare.com/genome_variation/1390
Nonsense,Bardet–Biedl syndrome (BBS),615687,NM_024685.3,BBS10,610148,c.1677C>A,TAC，p.Tyr559,TAA，stop codon,12q21.2,76344485,inherited,heterozygous,21 mutations in BBS genes have been reported in patients with BBS,whole-exome sequencing,http://dx.doi.org/10.1038/hgv.2017.33,https://hgv.figshare.com/genome_variation/1387
Nonsense,Waardenburg syndrome (WS),193500,NG_011632.1,PAX3,606597,c.598C>T,CAA，p.Gln200,TAA，stop codon,2,223096991,inherited,heterozygous,"1/42,000（an estimated prevalence of 1:42,000）",whole-exome sequencing (WES),http://dx.doi.org/10.1038/hgv.2017.27,https://hgv.figshare.com/genome_variation/1370
Nonsense,Fazio–Londe syndrome,211500,NM_033409,SLC52A3,613350,c.71G>A,TGG，p.Trp24,TAG，stop codon,20p13,"20:760,079-775,984",inherited,homozygous,only 74 cases have been reported worldwide,supplementation of riboflavin is a lifesaving treatment for a number of young patients；prenatal diagnosis,http://dx.doi.org/10.1038/hgv.2017.18,https://hgv.figshare.com/genome_variation/1354
Nonsense,Cabezas syndrome,300354,NM_003588.3,CUL4B,300304,c.2698G>T,GAA，p.Glu900,TAA，stop codon,Xq24,119660660,inherited,homozygous,N/A,molecular diagnosis by this genome-first approach using targeted high-throughput NGS ,http://dx.doi.org/10.1038/hgv.2016.45,https://hgv.figshare.com/genome_variation/912
Nonsense,Autosomal recessive retinitis pigmentosa (RP),613810,NM_000440.2,PDE6a,180071,c.769C>T,CGA，p.Arg257,TGA，stop codon,5q,"chr5:149,857,956-149,944,793",inherited,homozygous,"1/4,000（Though it affects one in 4,000, RP is clinically variable）",clinical symptoms,http://dx.doi.org/10.1038/hgv.2016.36,https://hgv.figshare.com/genome_variation/891
Nonsense,Simpson-Golabi-Behmel syndrome (SGBS),312870,NM_004484,GPC3,300037,c.1330C>T,CAG，p.Gln444,TAG，stop codon,Xq26.2,132795841,uncertain,hemizygous,N/A,genetic analyses,http://dx.doi.org/10.1038/hgv.2016.33,https://hgv.figshare.com/genome_variation/864
Nonsense,Primary Congenital Glaucoma (PCG),231300,NM_000104.3,CYP1B1,601771,c.109C>T,CAG，p.Gln37,TAG，stop codon,2p21-22,38075280,inherited,homozygous,"1/10,000 （PCG occurs in approximately 1 in 10,000 live births, but the incidence varies widely between populations）",clinical symptoms and genetic analyses,http://dx.doi.org/10.1038/hgv.2016.21,https://hgv.figshare.com/genome_variation/835
Nonsense,"Epileptic encephalopathy, early infantile, 2",300672,XM_005274584.1,CDKL5,300203,c.1675C>T,CGA，p.Arg559,TGA，stop codon,Xp22.13,18622719,de novo,heterozygous,N/A,genetic analyses,http://dx.doi.org/10.1038/hgv.2015.42,https://hgv.figshare.com/genome_variation/723
Nonsense,Warburg micro syndrome,600118,NM_001172435.1,RAB3GAP1,602536,c.22G>T,GAA，p.Glu8,TAA，stop codon,2q21.3,135810003,inherited,homozygous,N/A,molecular diagnosis,http://dx.doi.org/10.1038/hgv.2015.34,https://hgv.figshare.com/genome_variation/696
Nonsense,"Spinal extradural arachnoid cyst (SEDAC), lymphedema-distichiasis syndrome(LDS)",153400,NM_005251.2,FOXC2,602402,c.349C>T,CAG，p.Gln117,TAG，stop codon,16q24.1,86601290,de novo / inherited,heterozygous,"1%（spinal extradural arachnoid cyst (SEDAC) is a relatively rare spinal disease, representing 1% of all primary spinal tumors）",an early detection enables surgery before irreversible neurological damage,http://dx.doi.org/10.1038/hgv.2015.32,https://hgv.figshare.com/genome_variation/690
Nonsense,Severe congenital protein C (PC) deficiency,612304,NM_000312,PROC,612283,c.1003C>T,CAG，p.Gln335,TAG，stop codon,2q14.3,15144,inherited,heterozygous,more than 200 mutations affecting PC have been reported worldwide；the frequency of heterozygous mutations in PROC in the Japanese population has previously been estimated at 1 in 700 ,earlier diagnosis with prenatal genetic testing；domino liver transplantation for the treatment,http://dx.doi.org/10.1038/hgv.2015.17,https://hgv.figshare.com/genome_variation/588
Nonsense,Serrated polyposis,N/A,NM_017763.4,RNF43,612482,c.394C>T,CGA，p.Arg132,TGA，stop codon,17q22,56440943,inherited,heterozygous,N/A,exome sequencing；Bioinformatics；validation of candidate deleterious mutations,http://dx.doi.org/10.1038/hgv.2015.13,https://hgv.figshare.com/genome_variation/582
Nonsense,Spastic paraplegia 7 (SPG7),607259,NM_003119,SPG7,602783,c.1192C>T,CGA，p.Arg398,TGA，stop codon,16q24.3,89598912,inherited,homozygous,N/A,WES analysis,http://dx.doi.org/10.1038/hgv.2015.12,https://hgv.figshare.com/genome_variation/580

